STUDENTID,P1,P2,P3,P4,P5,P6,P7,P8,P9,P10,P11,S1,S2,S3,S4,S5,S6,S7,S8,S9,S10,S11,S12,S13,E1,E2,E3,E4,E5,E6,E7,E8,E9,E10,E11,E12,E13,E14,E15,E16,E17,E18,E19,E20,E21,E22
100,1,3,1,1,2,1,1,2,6,6,1,6,6,5,6,6,6,6,6,6,6,6,6,4,6,2,5,5,5,5,3,4,1,1,1,1,1,1,2,1,1,2,1,2,2,2
101,4,2,4,2,2,3,2,3,4,3,4,6,4,3,3,3,5,2,3,4,2,3,1,5,6,1,1,1,1,1,2,6,1,1,1,1,1,1,2,1,1,1,1,1,2,1
102,3.02,3,3,1,1,1,1,1,6,4,6,6,6,6,6,6,6,6,6,2,5,4,4,1,6,3,1,5,5,2,1,6,1,1,1,1,1,1,1,1,1,1,1,1,4,4
103,1,4,4,1,4,2,1,4,5,3,3,5,6,5,4,5,4,5,4,3,4,4,5,3,5,2,2,1,1,3,2,6,1,1,1,1,1,1,1,1,1,1,1,1,2,1
104,2,2,2,1,2,3,1,3,4,3,2,5,6,6,6,6,6,6,6,3,6,6,6,2,5,2,2,2,2,2,2,5,2,2,1,1,1,1,2,2,2,1,3,2,2,3
105,4,4,3,2,4,4,2,2,5,4,3,3,5,3,4,4,3,5,4,3,4,4,5,5,6,2,2,2,1,2,2,5,1,1,2,1,1,2,1,1,1,1,2,1,4,4
106,1,1,2,2,1,1,1,1,1,6,3.22,6,6,6,6,6,6,6,5,4,5,6,5,3,6,2,3,2,3,2,1,6,1,1,1,1,1,1,1,1,1,1,3,2,2,2
107,5,5,6,5,4,6,5,6,5,3,5,6,6,6,6,5,4,6,6,5,6,5,4,4,5,2,1,3,2,1,1,5,1,1,2,1,1,1,3,1,1,1,1,1,3,2
108,2,4,2,2,4,2,2,4,5,3,2,5,5,5,5,5,6,5,5,2,5,5,5,3,6,2,1,2,1,1,1,5,1,1,1,1,1,1,1,1,2,1,2,1,2,2
110,1,1,1,1,1,1,1,1,3,2,6,3,6,6,3,6,6,6,5,6,6,5,6,6,6,5,5,5,3,5,3,6,1,1,1,1,1,1,2,1,1,1,2,1,5,5
111,6,1,6,4,3,1,1,1,6,1,6,6,6,6,6,6,6,6,6,1,6,3,6,6,6,1,1,1,1,1,1,6,1,1,2,1,1,1,1,1,1,1,2,1,3,1
112,3,4,2,1,3,2,1,3,3,4,2,4,4,6,6,5,5,5,4,4,4,4,4,4,6,1,1,1,1,1,1,6,1,1,1,1,1,1,1,1,1,4,4,1,4,4
115,4,6,4,2,5,3,2,5,5,4,4,3,6,5,5,6,6,6,6,4,5,6,6,5,4,4,3,4,4,4,2,5,1,3,1,3,2,4,2,4,3,3,2,4,5,4
116,4,4,4,2,3,4,2,3,6,5,5,1,3,2,6,1,1,1,1,1,2,5,5,5,6,5,1,5,1,1,4,6,1,1,1,1,1,1,3,1,1,1,1,1,3,3
117,4,4,4,4,4,4,2,4,6,5,6,5,6,6,6,6,6,6,6,3,5,4,5,4,6,1,1,1,2,2,1,6,1,1,2,1,1,1,1,4,1,2,5,1,1,1
119,1,4,1,1,4,4,1,4,1,5,3,4,6,6,4,5,6,5,5,2,3,6,6,6,6,3,3,3,4,4,1,3,1,2,2,1,2,1,1,1,1,2,5,5,5,3
120,4,2,3,1,4,2,1,2,5,3,3,3,3,3,3,5,5,5,5,3,5,5,5,4,5,2,3,3,3,3,3,5,1,1,1,1,1,1,1,1,1,2,3,1,2,2
122,1,3,3,1,3,1,1,3,1,3,3,3,6,4,4,6,6,6,6,1,6,6,6,6,5,2,2,2,2,2,2,5,1,1,2,1,1,1,4,1,1,5,2,1,2,2
123,3,4,4,3,4,2,1,3,3,4,5,3,2,5,4,4,3,3,2,4,4,1,3,6,6,2,1,2,2,1,2,5,1,2,2,2,1,1,1,1,1,1,1,1,1,1
124,4,3,5,3,4,4,4,4,3,2,2,1,2,6,4,6,6,5,6,2,4,5,4,4,6,2,2,1,1,1,1,6,1,1,1,1,1,1,2,2,1,1,1,1,2,1
125,1,4,3,1,2,1,1,1,2,4,1,6,6,6,6,6,6,6,6,1,4,6,6,6,5,5,5,2,2,5,5,4,1,1,2,1,1,1,1,1,2,4,4,1,2,1
128,4,4,4,2,3,2,2,4,4,5,3,6,3,4,3,5,6,6,6,6,5,5,5,1,6,4,5,5,2,1,1,6,1,1,1,1,1,1,1,1,1,1,5,1,5,5
129,4,3,5,2,4,5,2,1,1,2,5,6,6,6,6,6,6,6,6,5,6,5,6,5,6,5,5,4,3,3,3,6,1,1,2,1,1,1,4,1,2,1,1,1,3,2
130,5,6,5,3,1,5,1,1,6,6,5,6,6,6,6,6,6,6,6,2,6,4,5,4,6,1,2,3,1,2,1,6,1,1,1,1,1,1,5,1,1,3,5,1,3,2
131,1,6,4,4,6,4,4,6,4,2,4,5,4,2,3,3,6,6,5,3,3,5,3,2,4.92,3,4,4,1,4,1,6,1,1,1,1,1,1,1,3,1,3,2,1,3,4
132,6,4,2,1,2,3,1,3,1,5,3,3,3,3,4,6,5,6,5,4,3,6,6,4,6,1,1,2,1,2,3,6,1,1,1,1,1,1,1,1,1,3,5,1,1,5
134,4,4,5,4,4,5,4,4,5,3,3,6,6,6,6,6,6,6,6,4,6,3,5,6,2,2,1,5,1,3,1,6,1,1,1,1,1,1,1,1,1,1,1,1,5,5
135,2,3,2,2,3,3,4,3,1,2,2,3,5,3,4,6,6,6,6,5,4,5,6,3,6,2.85,2,2,3,3,2,2,1,1,1,1,1,1,1,1,2,1,2,1,1,1
136,6,6,6,6,6,6,1,6,1,1,1,3,2,1,4,5,6,6,6,1,6,6,6,1,6,1,1,2,1,3,1,4,1,1,1,1,1,1,1,1,1,3,3,1,2.37,3
137,3,4,3,3,5,3,1,1,6,4,4,5,5,4,6,6,3,6,6,4,3,2,3,4,6,1,1,2,2,2,4,6,1,1,2,1,1,1,2,1,2,1,1,1,2,2
139,1,1,1,1,1,1,1,1,1,3,1,3,5,5,2,6,6,6,6,3,3,5,6,6,6,1,1,1,1,1,1,6,1,1,1,1,1,1,1,1,1,1,1,1,2,1
140,1,1,1,6,1,1,6,1,6,6,1,6,6,6,6,6,6,6,6,6,6,6,6,4,6,1,1,1,5,5,5,2,1,2,1,1,1,1,1,1,1,5,2,1,1,1
141,2,4,2,4,5,4,3,4,3,3,2,4,4,4,4,6,6,6,6,3,4,4,3,2,4,4,4,5,1,3,4,5,2,3,2,4,4,2,4,2,1,2,3,1,4,4
142,2,3,2,1,2,2,3,3,2,3,3,4,6,6,5,6,5,6,5,2,4,4,5,2,4,4,3,2,4,3,2,3,1,1,1,1,2,1,2,2,1,2,2,1,1,2
143,3,4,2,1,2,3,1,1,4,3,4,4,4,4,5,5,5,4,5,4,4,6,6,3,6,3,1,1,1,2,1,6,1,4,1,1,1,1,2,2,1,1,1,1,2,1
144,4,1,4,1,1,4,1,1,4,3.47,4,3,4,4,3,6,4,2,2,5,2,2,2,5,6,1,1,2,2,2,2,5,1,1,1,1,1,1,1,1,1,2,4,1,2,2
145,4,3,4,3,3,3,3,3,3,3,3,4,4,4,5,5,5,4,3,3,3,3,4,4,5,3,4,4,5,5,3,4,1,1,2,2,1,1,3,2,2,3,1,1,3,3
146,1,1,1,1,1,1,1,1,1,3,1,6,6,6,6,6,6,6,6,4,6,6,6,3,3,4,5,5,1,4,5,6,1,1,1,1,1,1,1,1,1,1,1,1,1,1
147,2,4,4,2,2,4,1,2,2,3,3,2,4,6,6,6,5,5,5,2,5,5,5,3,6,2,1,1,1,1,1,6,1,1,1,1,1,1,1,1,2,2,1,1,1,1
148,2,4,2,2,3,2,2,3,4,5,2,6,6,6,6,6,6,6,6,1,6,6,6,3,6,3,3,5,3,3,3,4,1,1,1,1,1,1,2,1,1,1,3,1,5,5
149,2,2,4,4,4,4,3,3,3,5,3,4,6,5,5,5,5,6,6,4,5,5,6,6,6,4,4,3,2,2,4,5,1,4,1,1,1,1,3,1,1,3,3,1,3,2
150,3,4,3,5,4,3,2,4,4,3,2,3,5,6,5,6,4,6,6,4,5,5,6,6,6,2,1,4,5,1,3,5,1,1,1,1,1,1,2,2,1,3,3,1,4,4
153,4,4,3,4,5,5,4,4,2,4,4,3,3,4,3,4,4,3,4,4,2,3,4,4,6,3,2,1,1,4,5,2,3,2,4,3,2,4,4,1,1,1,3,1,3,3
154,3,3,4,3,3,3,3,4,3,3,4,4,5,5,3,4,4,2,3,4,3,3,3,4,6,2,2,5,5,5,5,2,1,1,1,1,1,1,1,1,1,1,1,1,1,1
155,4,4,5,2,4,4,2,4,1,3,3,3,4,4,4,6,4,6,6,4,4,4,4,4,5,4,2,4,1,2,3,5,2,2,2,2,1,2,3,2,2,3,2,1,2,2
156,5,4,4,1,2,2,2,2,2,2,2,5,2,5,5,5,5,5,5,5,5,5,5,5,4,4,4,1,3,4,4,4,1,2,1,1,1,1,1,2,2,2,3,1,2,2
157,4,5,3,3,4,3,5,2,5,4,3,4,5,4,4,6,5,6,5,4,5,4,6,3,5,2,2,2,2,2,2,5,1,1,3,1,1,4,2,1,1,2,2,2,2,2
158,5,5,4,5,5,5,5,5,5,3,3,4,6,6,3,5,5,6,6,3,5,5,6,4,6,1,3,4,3,2,3,4,1,1,2,2,1,1,1,1,1,2,2,1,3,2
159,3,4,4,3,4,3,3,4,4,3,4,4,4,3,3,4,3,4,4,3,4,5,4,4,5,3,2,3,2,2,3,4,3,3,3,3,3,3,3,2,2,3,2,2,3,2
162,4,4,4,3,3,4,3,3,3,3,3,3,3,3,3,4,4,5,5,2,5,4,5,2,3,4,5,4,3,5,5,2,1,1,1,4,1,1,1,1,2,3,3,4,3,4
163,3,4,2,3,4,5,3,2,4,5,3,5,2,5,5,5,4,3,5,6,4,3,2,2,6,2,2,5,1,1,1,6,1,1,1,1,1,1,1,1,1,5,5,1,4,4
165,6,6,6,5,6,6,5,6,6,1,6,1,6,6,6,6,6,6,6,6,6,6,6,5,6,5,5,5,5,5,5,6,5,5,2,2,4,1,5,5,3,5,5,5,4,4
167,1,1,2,2,1,2,2,1,6,5,5,6,5,5,4,2,3,2,3,5,2,2,1,6,5,1,3,4,3,2,2,4,3,4,3,3,2,1,4,3,2,2,3,3,2,2
168,1,4,3,3,6,3,3,6,6,4,4,4,5,4,4,6,6,6,6,6,6,6,6,4,6,2,2,2,1,3,2,6,1,1,2,2,1,2,1,1,2,2,2,1,4,2
169,2,4,4,4,5,3,2,5,5,1,1,6,3,5,6,6,6,6,6,3,5,6,6,4,6,5,5,5,5,5,5,2,1,1,1,1,1,1,1,1,1,1,1,5,1,1
170,3,3,3,3,4,3,4,4,3,4,4,3,3,4,3,3,3,4,3,4,3,2,3,4,6,1,3,3,2,2,2,5,1,1,1,4,1,1,1,1,1,1,1,1,1,1
171,4,4,4,4,4,4,4,4,3,3,4,6,6,6,6,3,3,4,4,5,4,4,4,5,6,1,1,2,2,2,2,5,1,1,1,1,1,1,1,1,1,1,1,1,2,2
173,1,2,2,2,2,3,2,3,4,4,2,3,3,3,5,5,4,4,5,3,5,5,5,2,6,3,3,3,3,4,4,3,1,2,2,2,2,1,2,2,2,1,2,2,2,2
174,1,1,1,1,1,1,1,6,6,1,6,6,6,6,6,6,6,6,6,6,6,6,6,6,6,1,1,1,1,1,1,6,1,1,1,1,1,1,1,1,1,1,1,1,1,1
175,2,3,2,2,2,2,2,2,1,3,3,3,3,3,3,4,4,4,4,3,4,4,4,3,6,2,2,2,2,2,2,5,1,1,1,1,1,1,2,1,1,1,1,1,2,2
177,4,2,3,2,3,4,3,5,4,5,3,4.06,4.59,4,5,4,2,4,3,3,4,3,4.93,5,6,3,3,2,4,4,3,6,1,1,1,1,1,1,3,1,1,1,1,1,1,5
178,4,4,4,4,4,4,4,4,3,3,3,3,4,3,3,5,5,4,4,4,5,5,5,3,6,2,2,2,1,1,2,6,1,1,1,1,1,1,1,2,1,1,1,1,1,1
181,3,3,1,2.3,3.11,6,4,3,1,5,1,5,1,4,4.51,4,5,3,5,5,5,2,5,5,4.92,2,4,3,5,2,4,4,3,3,4,2,4,2,5,2,3,2,4,1.43,5,3
182,6,6,4,1,1,3,1,1,6,6,6,5,5,6,6,3,3,3,3,4,3,3,3,4,6,1,1,1,1,1,1,6,1,1,2,2,1,1,1,1,1,2,1,1,1,1
183,3,1,4,3,1,4,1,1,5,3,3.22,5,1,6,6,6,6,6,5,3,5,4,6,6,6,1,1,5,2,2.87,5,5,1,3,4,2,3,1,1,1,2,1,1,1,2,2
184,3,3,3,4,4,5,5,5,3,3,3,3,4,4,5,1,5,3,5,3,5,6,6,2,5,1,1,2,2,2,1,5,1,1,1,2,2,2,1,1,2,2,2,2,2,1
186,3,5,2,2,5,2,2,5,5,5,6,5,6,6,6,6,6,6,6,4,6,5,6,5,4,1,1,4,4,2,2,3,1,1,1,1,1,1,2,1,1,1,1,1,2,2
188,4,4,4,3,5,4,4,3,3,4,4,4.06,3,3,2,5,4,3,2,5,3,4,3,2,5,2,2,2,3,3,2,6,3,3,4,3,4,3,4,3,3,4,4,4,3,3
190,3,3,4,1,2,2,3,2,2,5,5,3,5,4,3,5,3,6,5,3,2,5,2,3,4,5,2,3,4,2,5,5,1,1,1,1,1,1,1,3,1,1,4,1,5,4
191,1,2,1,1,2,1,1,1,2,6,6,6,6,6,6,6,6,6,6,1,6,5,6,6,6,5,5,5,5,3,1,5,1,1,2,1,2,1,2,2,1,1,1,2,3,3
193,4,4,3,5,5,5,3,3,5,3,4,3,4,3,2,4,3,4,4,3,3,5,5,3,5,3,2,1,1,1,3,6,1,2,2,1,2,1,1,1,1,4,1,1,1,2
196,1,1,1,1,2,1,1,1,1,6,1,6,6,6,6,1,6,6,6,6,5,3,6,6,6,1,1,1,1,1,1,6,1,1,1,1,1,1,1,1,1,4,4,1,2,1
198,3,3,4,3,4,4,4,3,3,3,3,3,4,4,4,4,4,3,3,4,4,4,4,3,3,2,3,2,2,2,2,5,4,4,3,3,2,2,3,3,1.34,4,4,3,3,3
1,4,2,3,3,3,6,5,4,2,5,5,6,1,6,6,4,5,4,2,3,3,5,2,3,6,1,1,1,1,1,1,6,1,1,1,1,1,1,1,1,1,1,1,1,1,1
201,3.02,1,3.09,1,1,2.93,1,1,6,6,6,6,6,6,6,1,1,6,6,1,4,6,6,1,6,1,1,5,1,1,1,6,1,1,1,1,1,1,1,1,1,1,1,1,4,1
202,5,5,6,1,6,5,4,1,6,2,6,2,6,6,2,6,6,6,6,1,5,5,5,6,6,1,1,1,1,1,1,6,1,1,2,1,1,1,1,1,1,4,4,1,1,1
203,3,2,4,2,2,2,1,1,1,4,3,4,6,6,4,6,5,6,6,4,3,5,6,4,6,2.85,2.79,3,3,3,1,6,1,1,1,1,1,1,3,3,2,1.97,3,3,2,2
204,2,3,2,1,3,2,1,2,1,4,2,4,5,6,5,2,4,5,5,4,4,5,5,4,6,4,1,1,5,3,1,6,1,3,1,1,1,1,1,5,1,2,5,5,1,2
206,2,2,2,1,2,2,1,2,2,5,4,3,4.59,3,4,5,5,4,4,5,4,4,3,2,6,4,4,4,4,4,4,2,1,1,4,1,1,2,1,1,1,1,1,1,3,3
209,4,3,3,3,3,2,3,4,3,4,3,3,3,4,4,3,3,4,4,4,4,4,3,4,6,1,1,1,1,1,1,6,1,1,1,1,1,1,1,1,1,1,2,1,2,2
210,3,2,3,4,3,2,2,2,4,5,5,4.06,4,6,6,3,6,3,5,3,1,5,6,3,6,1,1,1,3,1,1,6,1,1,1,1,1,1,1,2,1,1,1,1,1,1
211,1,1,1,2,1,2,2,2,2,1,1,5,1,1,1,6,6,6,6,1,6,6,6,1,6,1,1,1,1,1,1,6,1,1,1,1,1,1,1,1,1,2,1,1,1,3
212,6,1,1,1,1,1,1,1,5,6,6,6,6,6,6,6,6,6,6,6,6,6,6,6,6,1,1,1,1,1,1,6,1,1,1,1,1,1,1,1,1,1,1,1,1,1
213,6,3,4,2,1,5,2,4,4,1,6,4,2,5,3,5.05,3,1,2,3,3,5,6,4,6,2.85,3,5,2,4,2,4,1,2,3,4,5,2,4,1,3,4,2,5,2,3
214,1,1,1,1,1,1,1,1,1,3.47,2,5,5,5,4.51,5,5,5,5,2,5,5,5,3.94,4.92,2.85,2.79,3.01,2.43,2.87,2.71,4.76,1,1,1,1,1,1,1,1.6,1,1,1,1,1,2.32
215,4,4,4,3,3,2,1,2,4,3,4,5,2,6,6,6,6,6,6,5,3,2,2,4,5,3,4,4,3,3,4,6,1,2,2,2,1,1,3,2,3,1,2,1,2.37,3
216,3,4,2,1,4,4,1,4,4,3,3,5,3,3,1,6,3,6,6,4,5,5,5,4,4.92,1,1,1,1,1,1,6,1,1,1,1,1,1,1,2,1,1,1,1,2,2
218,3,2,3,1,2,3,2,2,1,4,3,4,4,5,3,5,4,5,5,2,3,5,5,2,6,2,2,2,1,2,1,6,1,2,1,1,1,1,1,2,1,2,2,2,2,1
219,5,2,3,1,3,3,2,4,5,4,3,6,5,6,6,6,2,6,6,1,5,4,3,2,6,5,3,1,2,3,3,3,1,1,2,5,1,1,5,2,2,1,2,1,2,4
220,1,1,1,1,1,1,1,1,1,3,1,6,6,4,5,6,6,6,6,3,6,6,6,6,4,2,4,5,5,5,4,2,1,1,2,2,1,1,2,1,2,2,1,5,5,5
222,3,3,4,3,3,2,2,2,1,2,1,5,3,4,3,6,4,5,5,2,5,5,5,2,6,4,4,1,1,3,5,2,1,1,1,1,1,1,1,5,2,1,1,1,1,1
223,1,1,1,1,1,1,1,1,6,6,1,6,4,6,6,6,6,6,6,6,6,6,6,5,6,4,4,4,5,3,4,5,1,2,1,1,1,1,1,1,1,4,5,1,3,2
224,4,5,5,5,5,4,5,5,1,3,4,3,2,4,4,5,5,3,4,3,4,5,5,4,6,4,3,2,1,1,2,4,3,3,3,4,4,4,4,3,2,3,4,1,2,1
226,1,4,1,1,2,2,1,2,2,6,5,6,6,6,5,6,6,6,6,5,6,6,6,6,6,2,2,1,2,2,2,5,1,2,3,2,1,2,2,1,2,1,1,1,2,1
227,3.02,3,1,1,1,1,3,1,5,4,5,4,5,3,4,2,4,6,3,5,4,3,5,5,6,2,1,2,1,2,2,4,1,1,1,2,1,1,1,1,2,1,1,1,1,1
228,1,1,1,2,1,1,1,1,1,4,1,5,3,6,6,5,6,6,6,3.7,6,5,4,6,6,1,1,4,5,4,1,5,1,2,1,1,1,1,1,1,1,2,3,5,5,4
229,2,5,5,2,4,4,4,4,1,3,3,3,6,6,5,6,6,6,6,6,5,5,6,3,6,2,2,2,1,2,3,6,1,2,1,2,1,1,2,2,1,2,3,1.43,2,2
230,1,1,1,1,1,1,1,1,6,6,6,6,6,6,6,1,1,1,2,6,1,1,1,6,6,1,1,1,1,1,1,6,1,1,1,1,1,1,1,1,1,1,1,1,2,2
231,4,4,3,4,4,4,3,5,4,3,3,4,6,5,3,6,4,6,6,1,6,6,6,3,5,2,2,5,1,2,1,4,1,2,2,2,1,2,2,1,2,1,1,1,2,2
232,5,5,4,3,5,4,3,5,3,2,3,4,5,2,2,4,1,3,4,3,5,5,4,1,2,5,4,3,2.43,1,1,2,1,5,3,2,1,4,5,4,2,4,4,1,2.37,2.32
233,1,2,3,1,1,1,1,1,1,6,1,3,6,5,6,6,5,6,6,3,4,6,6,2,6,2,2.79,2,1,2.87,1,6,1,1,1,1,1,1,2,2,1,1,1,2,2,2
234,1,1,1,1,1,1,1,1,5,6,5,6,6,1,6,1,1,1,1,6,2,1,1,4,6,1,5,2,1,1,2,6,1,1,1,1,1,1,1,1,1,2,2,1,1,1
237,4,4,4,4,4,4,4,4,3,3,3,3,3,3,3,4,4,4,4,3,4,4,4,3,4,3,3,3,3,3,3,4,4,4,4,4,4,4,4,3,3,3,3,3,3,3
238,1,1,1,1,1,1,1,1,1,6,1,6,6,6,6,1,6,6,5,2,6,5,6,6,2,5,5,3,4,4,3,5,1,1,1,1,1,1,2,1,1,2,1,1,3,3
239,1,5,2,1,5,2,1,5,3,5,1,5,6,6,6,6,6,6,6,3,6,6,5,3,6,1,1,1,1,1,1,6,1,1,1,1,1,1,1,1,1,1,1,1,2,1
240,1,1,1,1,1,1,1,1,1,5,1,6,6,6,6,6,6,6,6,6,6,6,6,6,6,2,2,3,1,2,2,5,1,2,2,1,2,2,2,1,2,1,2,2,3,3
241,3,4,3,2,2,2,2,2,1,3,1,4,4,3,3,6,6,6,6,2,6,5,5,4,6,3,3,5,1,3,3,6,1,1,1,1,1,1,1,1,1,5,1,1,5,5
242,3,3,4,2,2,3,2,2,3,4,3,3,4.59,4,3,6,4,5,4,3.7,2,4,5,4,6,2,1,2,1,2,1,6,1,1,1,1,1,1,1,1,1,1,1,1,2,2
243,1,2,4,2.3,4,2,4,2,3,3,4,4,2,2,1,6,5,5.18,1,5,4,4.88,2,2,6,2.85,2.79,3.01,5,2,3,2,4,4,4,4,4,4,4,3,3,2,2,2,1,1
244,2,4,1,2.3,2,2,2,2,4,5,4,6,6,6,6,6,6,6,6,6,6,6,6,4,6,5,5,5,5,5,5,5,2,5,5,3,2,1,4,3,2,3,2,4,5,5
245,3,3,3,3,3,3,3,3,4,4,4,4,4,4,4,3,3,6,3,2,1,4,6,1,2,2,3,3,3,3,3,4,3,2,4,2,3,2,4,2,4,1.97,1,3,5,1
249,3,2,1,2,4,2.93,3,2,5,4,2,4.06,4.59,4.82,3,3,3,1,2,5,2,2,2,5,5,3,2,3,2.43,2.87,3,4.76,3,1.59,3,3,3,3,3,2,1.34,3,2,2,3,2
250,2,2,3,2,2,2,2,2,4,4,4,5,5,3,5,4,4,6,6,3,5,3,2,4,6,1,1,3,1,1,2,6,1,1,1,1,1,1,1,1,1,1,2,1,4,3
252,6,6,5,5,5,5,5,5,2,1,1,1,1,1,1,6,6,1,3,4,2,2,2,5,2,4,4,4,3,2,5,5,3,3,3,3,2,1,2,4,4,4,3,4,2,1
253,6,4,4,4,5,4,6,4,2,4,1,2,3,4.82,3,5,4,6,5,2,4,6,3,1,4,5,5,5,5,3,4,3,4,4,4,5,4,4,5,4,4,4,4,4,4,4
255,4,4,4,4,4,4,4,4,3,4,4,4,4,4,5,3,2,5,5,2,4,5,4,4,6,2,3,3,1,3,3,3,1,3,3,1,1,1,2,2,1,2,1,2,1,1
256,3,3,2,2,3,1,4,4,1,2,4,4,3,5,3,3,3,3,4,3,3,6,5,4,2,4,1,2,2,3,5,3,3,3,2,2,1,5,4,2,3,3,3,3,2,2
257,2,3,3,4,3.11,2,4,2,4,4,6,4,3,5,5,2,2,6,5,2,5,3,2,4,3,2,3,1,2,2,2,5,1,1,1,2,1,1,1,1,1,3,1,1,1,2
258,3,4,3,2,3,3,2,5,3,2,4,3,4,4,3,6,5,6,3,6,3,6,3,3,4,2,1,2,1,2,1,6,1,1,1,3,2,1,1,4,4,4,2,1,1,2
259,6,3,4,3,2,2,4,1,2,3,4,4.06,2,4,3,4,6,6,6,4,4,3,2,3,6,1,1,1,1,1,1,6,4,4,4,3,3,3,3,1,1,1,5,1,3,3
260,3,1,3,1,1,1,1,1,1,3,1,3,3,2,4,6,4,6,6,6,5,6,4,4,6,3,2,1,2,3,1,5,1,2,1,1,1,1,1,1,1,1,1,1,1,1
261,1,1,1,1,3,1,1,1,3,2,2,2,6,6,2,5,5,5,6,6,3,4,5,6,6,1,1,3.01,1,1,1,5,1,1,1,1,1,1,1,1,1,1,2.15,1,1,1
262,4,5,4,2,4,4,2,4,5,6,5,6,6,6,6,6,6,6,5,5,6,6,6,5,6,5,5,5,5,5,5,6,1,1,1,1,1,1,1,1,1,4,1,5,5,5
263,5,4,5,4,5,3,4,4,2,3.47,2,3,4,3,4,2,3,5,4,5,3,2,4,3,6,2,3,3.01,2,3,2,6,1,1,3,3,2,2,3,2,2,2,2,3,1,2
264,2,3,1,1,1,1,1,1,1,4,1,4,1,3,2,3,5,3,5,5,3,6,6,2,6,5,5,5,1,4,3,3,1,1,1,1,1,1,1,1,1,1,1,1,1,1
268,6,6,6,3,4,5,5,4,3,1,1,1,6,6,4,6,6,6,6,1,6,6,6,3,6,1,1,1,1,1,1,6,1,1,1,1,1,1,1,1,1,1,2,1,2,1
269,3,6,4,3,6,4,3,4,2,3,2,4,6,6,6,6,6,6,4,4,5,6,6,6,6,4,1,1,1,4,1,6,1,1,1,1,1,1,1,1,1,1,1,1,1,1
270,1,1,1,1,1,1,1,1,3,4,1,6,3,5,4,6,6,6,6,1,4,5,6,5,6,5,3,2,3,5,1,6,1,1,1,1,1,1,1,1,1,1,1,1,1,1
271,4,3,4,4,3,4,6,3,2,4,4,6,6,6,6,6,6,6,6,2,4,5,6,3,4,3,3,5,1,4,3,5,2,2,1,1,1,1,2,1,2,2,1,2,3,3
272,3,4,3,4,4,4,4,4,3,4,3,3,4,4,4,4,4,4,4,3,4,4,4,4,6,2,2,2,2,2,1,5,1,1,2,1,2,1,1,1,1,2,2,2,2,2
273,3,1,2,2,2,2,2,2,1,3,2,3,6,6,6,6,6,6,6,5,6,6,6,2,6,1,2,4,4,2,2,5,1,1,1,1,1,1,1,1,1,1,1,1,3,3
274,1,1,1,2,2,2,2,1,5,4,1,4,2,3,5,5,5,5,5,2,5,6,6,2,5,2,2,3,1,2,2,5,2,1,1,1,1,1,1,1,1,1,1,2,3,2
275,1,1,2,2,2,3,3,3,1,6,1,6,3,3,4,6,2,6,6,3,4,6,6,3,6,1,1,4,1,3,3,4,1,1,1,1,1,1,1,1,1,1,3,1,3,1
276,1,2,4,4,5,6,4,2.99,3,1,3,4,4,4,3,5,4,1,3,3,6,4,6,1,5,4,3,5,4,1,4,2,4,5,4,5,2,1,4,3,1,3,4,5,3,3
277,3,2,4,5,2,6,3,2,5,3,3,1,5,5,6,3,4,3,4,2,2,1,3,2,6,1,1,1,1,1,3,6,1,1,1,1,1,1,1,2,2,1,1,1,2,1
278,4,2,4,1,4,5,1,3,3,3,3,1,6,6,6,6,6,6,6,3,6,6,6,6,2,5,5,4,5,4,5,5,1,2,2,1,2,2,4,2,2,1,1,2,1,3
279,3,5,5,4,5,5,5,5,5,1,5,3,6,6,6,6,6,6,6,1,6,6,6,5,6,1,1,3,1,2,1,6,1,1,1,1,1,1,1,1,2,2,1,1,3,3
282,2,4,4,2,5,5,2,5,2,2,2,5,6,6,6,6,6,6,5,6,6,6,6,6,2,2,5,3,1,3,3,5,1,1,1,2,2,1,5,1,2,5,3,1,2,2
283,2,5,4,4,5,4,4,5,5,1,4,1,6,6,5,6,6,6,6,6,5,5,5,6,6,1,1,5,1,3,1,6,1,1,1,1,1,1,1,1,1,1,1,1,3,2
284,2,2,2,2,4,2,2,5,1,1,1,5,6,6,6,6,6,6,6,3,6,6,6,5,6,2,1,2,1,2,1,6,1,1,1,1,1,1,2,1,1,1,1,1,2,2
285,5,3,5,3,4,6,3,3,6,2,6,3,6,6,6,6,6,6,6,2,6,6,6,5,6,3,3,4,1,4,5,6,3,3,2,1,1,1,3,2,1,1,1,1,3,1
287,5,3,2,1,2,4,1,2,3,3,1,4,3,6,6,6,6,6,6,6,5,5,5,5,6,2,1,3,2,2,2,6,2,1,1,1,1,1,2,1,1,2,3,1,3,3
288,6,6,6,4,6,6,1,6,6,1,6,1,6,6,6,6,6,6,6,1,6,6,6,6,6,5,5,5,5,5,5,2,1,1,1,1,1,1,2,1,1,1,1,1,1,1
289,1,4,1,2.3,2,1,3,4,5,5,1,3,6,6,4,6,6,6,6,4,6,6,6,5,6,2,3,2,5,4,5,4,2,2,2,1,2,1,5,1,3,1,1,2,3,3
290,6,6,6,2,6,6,2,6,6,1,6,1,6,6,1,6,6,6,6,6,6,6,6,6,6,1,2,4,1,5,5,5,2,1,2,1,2,1,2,2,2,2,2,2,4,4
291,4,4,4,1,2,4,1,3,3,3,3,6,6,4,3,6,6,6,6,1,6,5,6,6,6,2,4,4,3,3,4,6,2,1,2,2,2,1,2,1,2,2,3,1,3,3
292,1,1,1,1,1,1,1,1,2,5,1,5,6,6,6,6,5,6,6,3,6,5,6,5,6,2,2,1,2,1,1,6,1,1,1,1,1,1,2,1,1,1,1,1,1,1
294,1,1,1,1,1,1,1,1,1,4,1,6,6,6,6,6,6,6,6,6,6,6,6,4,5,5,5,2,1,2,1,6,1,1,1,1,1,2,5,1,1,3,3,1,2,1
295,3,4,3,4,4,3,4,4,4,4,2,2,5,1,4,4,5,6,3,4,5,3,4,2,6,1,1,1,1,5,5,6,1,1,4,3,2,1,3,3,1,1,1,1,1,1
297,3,3,3,3,3,2,3,3,5,5,4,4,4,4,4,3,3,4,4,4,3,3,3,4,6,3,3,3,3,3,3,4,1,1,1,1,1,1,3,1,1,3,2,1,1,1
298,3,4,4,4,4,4,4,4,4,3,3,3,3,5,3,4,4,5,5,4,5,5,5,2,6,2,1,1,1,1,1,6,1,1,3,1,1,1,1,3,1,4,4,1,2,2
2,3,4,3,3,5,4,5,5,3,3,2,4,4,2,3,4,4,3,4,3,3,4,4,4,4,4,3,4,3,4,4,4,3,3,2,3,3,3,4,3,1.34,2,3,3,4,4
300,3,2,2,1,2,2,1,1,1,2,4,3,4,4,4,4,5,6,6,1,6,6,6,5,6,1,1,1,1,1,1,6,1,1,1,1,2,1,1,1,1,1,1,1,3,3
301,4,5,4,4,5,4,4,4,4,3,5,5,6,6,6,6,6,5,6,5,5,5,5,4,6,1,1,1,1,1,1,6,1,1,1,1,1,1,1,1,1,1,2,1,1,1
304,1,2,1,1,1,4,1,4,4,6,1,6,6,6,6,6,6,6,6,6,6,6,6,2,2,1,1,2,1,2,1,6,1,1,1,2,2,1,5,1,1,1,1,2,2,1
306,4,4,4,2,3,3,2,3,1,4,1,6,6,5,6,2,4,6,5,3,4,5,6,4,4,3,3,4,1,3,2,4,2,2,2,1,2,1,1,3,1,1,2,1,2,3
307,6,6,6,1,5,5,2,5,5,6,6,6,6,6,6,6,6,5,6,3,4,3,4,4,5,2,2,3,1,1,1,6,1,1,1,1,1,1,1,1,1,1,1,1,3,5
308,3,2,2,1,2,2,1,2,5,3,3,4,5,6,6,6,5,6,6,5,5,6,5,5,6,5,1,1,5,5,4,5,1,1,1,1,1,1,1,1,1,2,2,1,1,2
309,4,3,4,4,4,4,4,4,4,5,4,6,6,6,6,6,6,6,6,5,4,5,5,5,6,2,1,2,1,1,1,6,1,1,1,1,1,1,3,1,2,4,1,1,2,2
310,4,5,5,3,5,4,3,5,3,4,3,6,4,6,6,6,6,6,6,3,5,6,6,3,6,3,3,4,1,4,4,5,1,1,2,1,1,1,3,1,1,2,2,1,2,1
311,3,4,3,2,4,3,5,2,2,4,4,3,5,2,5,6,6,6,6,4,4,3,4,2,6,1,3,2,1,1,2,5,2,2,4,4,2,4,4,2,3,5,5,1,4,3
312,3,2,3,3,2,2,2,2,3,3,3,4,5,4,4,5,5,6,6,3,4,4,4,3,6,2,2,2,1,1,1,6,1,1,2,1,1,1,2,1,1,2,2,1,1,1
313,1,1,2,1,2,1,1,1,3,2,5,6,6,6,6,6,6,5,6,6,6,6,6,5,2,2,2,2,4,1,1,3,2,2,2,1,1,1,2,2,2,1,1,1,2,2
314,4,5,3,2,2,4,2,5,5,5,4,2,5,5,3,6,5,6,5,5,6,6,5,3,5,2,2,2,1,1,2,6,1,1,1,1,1,1,4,1,1,3,3,1,2,1
315,3,3,3,3,3,3,3,3,4,4,4,3,4,4,3,3,3,3,3,4,3,3,3,4,5,2,2,2,1,2,1,6,2,2,2,2,1,2,1,1,1,1,1,1,2,2
316,4,4,4,4,4,4,4,4,5,3,5,6,2,5,5,4,6,6,3,6,6,6,6,5,6,2,4,3,4,4,3,4,2,1,1,2,2,1,3,2,2,1,2,1,2,2
317,4,3,3,1,3,3,1,2,1,4,4,5,6,6,6,6,6,6,6,6,6,6,6,4,4,4,4,4,5,5,3,6,1,1,1,1,1,1,2,1,2,2,2,1,2,1
318,3,3,3,3,3,3,3,3,4,4,4,4,4,4,4,3,3,3,3,4,3,3,3,4,4,3,3,3,3,3,3,4,3,3,3,3,3,3,3,3,3,3,3,3,3,3
319,5,5,4,2,2,4,4,3,2,2,2,2,2,2,2,5,5,5,6,1,6,6,6,1,6,5,3,5,4,4,4,3,1,1,4,1,1,1,1,1,1,4,2,4,1,4
320,4,2,4,3,2,3,3,2,5,4,5,5,5,6,3,6,6,6,6,3,6,4,6,2,3,2,3,3,5,2,1,4,1,1,1,1,1,1,1,2,1,3,4,5,5,5
322,4,5,5,1,3,4,5,3,4,3,2,4,3,4,4,6,6,6,6,1,6,6,6,3,3,5,5,5,1,5,1,2,1,1,1,1,1,1,1,1,4,1,4,1,3,3
323,6,4,6,5,2,2,5,4,6,1,6,6,6,6,6,6,6,6,6,6,6,6,6,6,6,1,1,3,1,5,4,2,1,1,1,1,2,1,1,1,1,1,3,1,3,1
324,1,1,1,1,1,1,1,1,1,4,2,2,6,6,6,6,5,6,6,6,3,6,6,3,6,1,1,1,1,1,1,6,1,1,2,1,1,1,1,1,1,1,2,1,1,1
325,4,4,3,4,3,2.93,3,4,3,3,5,4,3,6,5,4,4,4,3,4,4,3,4,4,6,1,1,1,2,1,1,6,1,1,1,1,1,1,2,1,1,1,1,1,1,1
326,5,3,4,1,1,1,1,1,6,1,1,1,3,5,6,6,6,6,6,6,6,6,6,3,6,1,1,1,2,1,1,6,1,1,1,1,1,1,1,1,1,1,1,1,2,2
327,4,3,4,3,3,4,4,3,3,5,3,4,3,4,4.51,5,3,4,5,4,5,6,3,3,6,5,2.79,5,1,1,4,4,1,4,1,2,1,1,4,1,3,1,1,1,4,1
328,4,4,4,2,2,4,2,4,3,3,3,3,3,5,5,6,6,6,6,5,5,6,6,4,6,1,1,1,1,1,1,6,1,1,1,1,1,1,1,1,1,2,2,1,1,1
330,3,1,1,1,2,2,3,2,4,5,5,4,5,4,5,2,3,6,5,4,4,3,3,3,5,2,1,2,1,2,2,6,1,1,1,1,1,1,1,1,1,1,1,1,5,1
332,1,1,1,1,1,1,1,1,1,6,1,6,6,6,6,6,6,1,1,6,1,1,1,1,6,3,3,3,3,3,3,4,1,1,3,1,1,1,3,3,3,1,1,3,3,3
333,5,5,2,1,2,1,1,1,1,2,1,2,6,6,5,6,1,6,6,2,5,6,5,4,4,5,4,4,1,1,2,5,1,1,1,2,1,1,3,4,1,2,4,1,3,3
334,4,3,3,4,4,3,4,3,4,4,3,3,3,3,4,3,3,4,3,3,4,4,3,3,3,2,4,2,2,2,2,3,4,4,4,3,3,3,4,3,4,3,3,4,3,4
336,4,2,3,2,3,4,2,3,4,5,3,4,4,3,4,6,4,6,3,3,3,3,2,3,4,2,1,2,3,1,2,6,1,2,2,2,3,1,2,2,1,3,2,1,2,2
337,1,1,1,1,1,1,1,1,6,4,4,6,6,6,6,6,6,6,5,5,5,4,6,5,6,5,5,1,1,4,2,6,1,1,1,1,1,1,1,1,1,2,2,1.43,1,3
338,4,4,3,3,3,4,4,4,4,4,3,5,6,6,3,6,6,4,6,4,1,6,6,5,6,1,5,5,2,4,3,6,1,1,1,1,1,1,1,1,1,1,1,1,2,2
339,3,2,3,4,2,3,3,2,3,5,3,5,3,4,4,3,3,3,3,4,3,3,3,4,4,3,3,3,3,3,3,4,3,3,3,3,3,3,3,3,3,3,3,3,3,3
341,1,1,1,1,2,1,1,1,6,5,6,5,6,6,6,6,6,6,6,6,6,6,6,1,6,5,5,5,5,4,4,6,1,1,5,1,1,1,5,1,1,1,1,1,2,2
342,1,2,2,1,1,1,4,1,1,1,4,3,6,6,3,6,6,6,6,6,6,6,6,3,6,5,5,5,5,5,5,6,1,1,1,1,1,1,1,1,1,1,1,1,2,2
344,1,1,1,1,1,1,1,1,1,3.47,3.22,3,5,3,4,3,4,4,3,3,2,3,2,6,4,5,4,1,5,5,5,2,2,4,3,4,1,2,2,3,2,2,3,2,3,2
345,3,3,3,3,3,3,3,3,3,4,3,6,6,6,6,5,5,4,4,4,4,4,4,4,6,4,4,4,5,3,3,5,1,1,1,1,1,1,3,3,1,3,3,3,3,3
347,1,1,1,1,1,1,1,1,6,2,4,1,2,5,5,4,4,6,6,3,6,6,6,3,6,5,5,5,1,3,3,6,1,1,1,1,1,1,1,1,1,1,5,1,1,1
348,6,2,1,1,4,4,1,4,6,1,6,6,6,6,6,6,6,6,6,6,6,6,6,6,6,4,4,4,5,3,3,3,1,5,1,1,1,1,3,1,1,4,4,3,2,5
349,3,4,4,1,5,2,1,2,1,3,6,3,3,6,6,6,6,5.18,5.01,3.7,4.6,4.88,4.93,3.94,4.92,2.85,2.79,3.01,2.43,2.87,2.71,4.76,1.42,1.59,1.64,1.48,1.32,1.3,2.03,1.6,1.34,1.97,2.15,1.43,2.37,2.32
351,1,5,1,1,5,1,1,5,2,6,2,3,6,6,6,5,4,5,5,4,1,5,5,6,6,1,1,1,1,1,1,6,1,1,1,1,1,1,1,1,1,1,1,1,1,1
352,3,3,4,3,4,3,4,4,4,5,4,5,4,5,3,6,4,6,5,3,4,4,4,3,6,3,4,5,1,5,5,6,1,1,1.64,2,1,1,1,1,1,1,1,1,2,2
355,3,4,3,1,3,3,1,3,4,1,5,6,6,6,6,6,6,6,6,6,6,6,6,6,6,2,2,5,5,5,5,6,1,2,1,1,1,1,1,1,1,5,2,5,5,5
356,3,3,1,1,4,3,1,1,3,6,1,4.06,6,6,6,6,6,6,6,6,5,6,6,5,6,3,3,3,5,5,3,4,1,1,1,1,1,1,3,1,1,1,1,1,2,1
357,4,3,5,1,3,4,3,3,5,3,2,2,4,5,5,1,1,4,3,5,2,5,6,2,6,1,1,2,1,1,2,6,2,4,4,3,5,2,1,1,1,2,1,1,2,1
358,4,2,3,5,4,3,5,3,2,5,4,3,5,2,5,6,3,4,1,4,2,4,3,3,5,4,2,2,4,3,2,4,3,2,4,4,3,2,2,1,2,4,3,2,2.37,3
359,5,5,5,2,2,2,2,2,5,4,4,4,3,5,4,3,4,2,2,4,3,4,4,4,3,2.85,2,3,1,2,2,5,1,1,1.64,2,1.32,3,5,3,3,1.97,2,2,2,3
360,4,4,4,3,4,4,3,4,4,3,5,5,4,4,5,5,4,5,5,3,4,4,5,4,4,3,3,3,1,2,2,5,2,1,2,1,1,1,1,1,2,2,2,1,2,2
361,4,5,3,2,5,2,1,4,3,5,2,3,6,3,5,6,6,5,5,5,5,6,6,6,6,2,2,2,1,2,2,5,1,1,1,1,1,1,2,1,1,2,2,1,2,2
362,5,5,5,5,4,3,3,3,2,4,1,4,5,5,5,6,4,6,6,3,4,5,5,5,6,3,1,2,2,2,3,6,1,1,1,1,1,1,2,1,1,1,1,2,2,2
363,4,5,4,5,5,4,3,5,5,3,6,2,6,5,5,6,6,6,6,1,6,6,6,6,6,2,1,4,1,3,1,5,1,1,1,1,1,1,1,1,1,1,2,1,5,5
364,3,2,4,3,4,4,3,5,4,2,5,3,6,6,3,6,6,5,6,4,6,6,6,4,6,3,5,4,3,1,4,5,1,1,2,1,1,1,3,1,2,2,3,1,4,4
365,1,1,4,6,4,6,6,6,4,3,5,3,6,6,6,5,5,6,6,6,6,6,6,5,6,4,4,3,4,3,3,6,1,1,1,1,1,1,1,1,1,1,1,1,1,1
366,4,4,4,2,5,5,2,5,5,6,2,6,6,6,6,6,6,6,6,5,5,5,6,5,5,3,3,3,3,3,3,4,1,2,1,1,1,1,3,1,1,1,1,1,2,1
367,5,2,4,3,3,3,2,2,2,3,4,3,5,5,5,5,5,5,5,3,5,5,5,5,5,2,2,2,2,2,2,5,1,1,1,1,1,1,2,1,1,1,1,1,2,1
368,4,3,3,3,5,3,2,4,3,4,2,4,5,6,6,6,4,6,6,4,4,5,6,5,6,1,1,3,1,2,2,4,1,2,1,1,1,1,1,1,1,1,2,1,4,2
369,4,3,4,3,3,3,3,3,4,3,5,4,6,6,6,6,6,6,6,3,5,6,6,6,6,2,3,3,5,3,3,6,1,1,2,2,1,1,3,1,1,2,2,3,3,3
370,3,3,4,3,4,3,4,4,4,4,3,4,3,4,4,4,3,3,4,4,3,3,4,4,6,1,1,1,1,2,1,6,1,1,1,1,1,1,1,1,2,1,1,1,3,3
371,6,6,6,6,6,6,6,6,4,4,6,4,6,6,6,6,2,6,6,3,6,6,6,4,6,1,1,1,1,1,1,6,1,1,1,2,1,1,1,2,1,1,1,1,1,1
372,1,1,4,1,6,5,1,5,1,1,1,2,2,3,2,6,6,6,6,1,6,6,6,6,2,4,4,5,5,5,1,2,1,5,1,1,1,1,5,5,1,1,1,1.43,1,2
373,1,4,4,3,5,3,1,1,1,3,1,3,6,6,2,6,6,6,6,3,6,6,6,3,6,5,5,5,1,5,3,4.76,1,1,1,1,1,1,4,1,1,3,3,1,2,2
374,6,5,6,3,5,6,3,6,4,1,4,6,6,6,6,5,6,6,6,5,6,6,6,4,6,3,4,3,3,4,4,5,2,1,2,2,1,2,4,1,1,2,3,1,2,2
375,4,1,5,1,4,4,3,6,6,4,6,6,6,6,6,6,6,6,6,4,5,6,6,1,3,3,3,2,1,3,3,6,1,1,1,1,1,1,1,2,1,1,3,1,3,1
377,3,3,3,2,3,4,3,2,6,3,4,5,5,4,5,2,1,6,5,6,6,5,5,5,6,1,1,4,1,3,3,6,1,1,1,1,1,1,1,1,1,2,2,1,3,3
378,1,6,5,2,4,4,4,4,3,4,3,3,5,3,3,4,3,4,4,3,5,5,5,3,4,3,3,3,2,2,2,5,1,1,1,1,1,1,1,2,1,1,1,1,1,2
382,4,5,4,2.3,2,2,1,4,3,3,4,6,6,6,6,6,6,6,6,5,6,6,6,6,2,6,6,6,2,5,6,5,2,1,2,1,2,2,2,1,1,5,5,2,5,5
383,1,3,3,1,2,1,1,4,1,4,1,4,3,4,6,6,6,6,1,4,6,6,6,2,6,2,1,3,3,2,1,6,1,1,1,1,1,1,1,1,1,2,1,1,3,3
385,4,2,4,2.3,2,5,2,3,3,5,4,3,5,5,5,5,4,5,5,4,4,4,5,5,6,1,4,1,1,3,1,6,1,1,1,1,1,1,5,1,1,1,1,1,1,1
386,1,6,4,2,6,4,6,6,1,2,3,4,4,5,6,2,3,5,4,4,4,4,3,3,6,1,1,1,2,2,1,6,1,1,1,1,1,1,1,1,1,1,1,1,2,2
387,1,5,3,2,1,2,2,1,1,6,5,4,6,3,2,4,6,6,3,6,2,4,2,1,3,1,2,1,1,2,4,3,1,1,2,1,1,1,1,1,1,3,3,1,3,2
388,6,6,3,1,5,4,1,2,3,2,3,4,6,6,6,6,5,6,5,1,5,5,5,3,5,2,1,2,2,1,3,5,4,3,3,2,2,2,2,1,1,2,1,3,2,2
390,6,3,4,4,3,2.93,2,1,5,3,2,2,1,3,5,2,6,6,6,1,5,4,4,3,6,1,1,1,1,1,1,6,1,1,1,1,1,1,1,1,1,1,1,1,1,1
391,4,2,1,1,4,2,1,2,4,3,2,5,6,6,6,6,6,6,6,5,6,5,3,4,3,1,2,2,3,3,2,3,1,1,2,2,1,1,2,2,1,1,3,1,4,3
392,5,4,3,5,6,4,3,5,2,1,3,2,4,3,1,6,5,4,2,4,4.6,5,4,1,4,5,4,4,3,5,5,4,5,4,5,3,3,2,5,4,3,5,4,5,3,4
393,1,1,1,1,4,1,1,2.99,3,3,6,4,6,6,2,5,6,6,6,1,6,6,6,1,4.92,2.85,2.79,3.01,2.43,2.87,2.71,4.76,1,1,1,1,1,1,1,1,1,4,3,1,2,1
394,1,1,2,1,3,1,1,2,5,6,5,5,5,5,6,2,1,2,4,5,4.6,5,4.93,4,6,1,4,4,2,3,2,5,1,4,2,3,1,3,3,3,2,3,1,2,2,2
3,1,1,2,1,1,1,1,1,1,3,3,3,4,4,4,6,5,6,6,2,6,6,6,2,3,5,3,4,3,5,5,5,1,1,1,1,1,1,1,1,1,1,2,1.43,2,4
400,1,5,2,2,4,2,1,5,4,4,3,2,5,6,6,6,4,6,6,2,5,6,6,2,6,1,2,3,1,1,5,5,1,1,1,1,1,1,1,1,1,3,4,1,1,1
401,1,1,1,1,1,1,1,1,1,4,1,4,6,6,4,6,6,6,6,1,6,6,6,1,6,1,1,1,1,1,1,6,1,1,1,1,1,1,1,1,1,1,1,1,2,2
402,6,6,6,6,6,6,6,6,2,3.47,3.22,6,6,6,6,6,6,6,6,5,6,6,6,3.94,4.92,2,3,3,3,2,2,6,1,1,1,1,1,1,1,1,1,1,2.15,1,2,2
403,3,3,3,3,3,4,3,4,4,5,3,4,3,4,4,4,4,4,4,3,4,3,4,4,6,1,1,1,1,1,1,6,1,1,1,1,1,1,1,1,1,1,1,1,1,1
406,6,6,6,6,6,6,6,6,6,1,6,6,6,6,6,6,6,6,6,1,6,6,6,4,2,2,4,3,3,3,3,3,2,2,2,1,2,2,3,4,1,1,1,1,3,3
407,1,2,1,1,1,1,1,1,2,6,6,6,6,6,6,6,5,6,2,2,5,4,3,6,6,1,1,1,2,2,1,6,1,1,1,1,1,1,2,1,1,1,2,1,1,2
408,4,1,4,1,1,1,1,1,1,3,4,3,6,6,6,1,1,6,5,5,3,4,5,5,6,1,1,1,3,1,1,4,1,1,1,1,1,1,3,1,1,2,2,1,2,2
409,3,1,4,4,6,2,1,4,4,2,1,5,6,5,4,5,6,2,1,5,2,4,4,1,4,2,2,1,1,4,5,4,1,1,3,3,4,1.3,2.03,2,1,1,2.15,3,5,5
410,2,2,2,2,2,2,2,4,4,3.47,1,3,4,5,6,6,6,6,6,6,6,6,6,5,6,1,3,4,1,3,3,6,1,1,3,1,1,1,1,1,2,3,2,2,2,1
415,2,3,4,3,2,4,4,2,6,6,3,4,5,3,3,5,6,4,3,3,2,4,5,1,2,4,3,2,3,4,2,3,3,4,2,1.48,4,5,2,2,3,4,5,2,1,3
416,1,1,1,1,1,1,1,1,1,4,1,6,5,6,6,6,6,6,6,4,6,6,6,4,6,1,1,3,4,1,1,4,1,1,2,1,1,2,2,1,1,2,2,1,3,3
418,3,3,4,3,3,4,4,3,3,2,3,3,5,5,4,4,3,5,4,3,5,4,3,2,6,2,2,4,2,2,2,6,1,1,1,1,1,1,4,2,1,1,2,1,3,3
NA,5,1,4,4,4,4,4,4,4,3,5,5,6,6,6,6,5,6,6,5,6,5,5,2,4,5,4,5,6,6,6,6,5,3,2,4,1.32,1,2,4,1.34,3,3,1.43,4,3
NA,5,5,4,2,6,6,4,6,2,4,5,6,6,6,6,6,6,6,6,4,6,6,6,6,2,6,6,6,5,6,6,5,5,1,1,1,1.32,1,5,5,1.34,1,1,1.43,2,2
NA,4,5,5,2,5,4,4,4,6,2,6,5,6,6,6,6,5,6,5,5,6,6,6,4,1,6,5,3.01,5,5,5,6,1,5,1,1,1.32,1,2,1,1.34,1,2,1.43,3,3
NA,5,5,6,5,5,5,5,5,3.32,1,5,2,6,6,6,6,5,6,6,6,6,6,6,4,1,5,6,6,4,5,5,5,1,5,1,2,1.32,2,1,1,1.34,2,3,1.43,1,1
NA,3,2,2,3,4,1,2,4,4,3,3,6,5,6,6,6,6,6,6,6,6,6,4,2,5,5,1,6,1,5,4,6,5,1,1,1.48,1.32,1,2,2,1.34,1,5,1.43,5,5
NA,4,2,4,3,2,4,3,3,2,2,4,5,6,5,4,5,5,4,5,4,4,4,5,5,4,4,4,4,4,3,3,3,5,1,1,1,1.32,1,3,2,1.34,4,1,1.43,3,3
NA,5,6,6,4,6,5,4,6,6,5,6,6,6,6,6,6,6,6,6,3,6,6,6,6,6,6,6,4,2.43,6,4,6,2,1,1,1,1.32,1,4,1,1.34,1,1,1.43,3,3
NA,1,3,4,4,2,4,4,1,5,2,5,1,6,3,3,5,4,6,5,6,6,6,6,6,5,5,5,5,4,5,5,5,5,1,2,2,1.32,2,3,2,1.34,4,2,1.43,3,3
NA,4,2,4,1,5,3,1,4,4,4,3,4,3,3,4,5,4,5,5,4,4,4.88,3,3,4,3,3,4,3,3,4,4,1,1,1,1,1.32,1,1,1,1.34,3,1,1.43,1,1
NA,1,1,1,1,1,2,2,1,2,5,5,6,6,6,6,6,5,6,6,6,6,6,5,3,5,6,6,6,1,5,6,5,2,3,2,1,1.32,2,2,2,1.34,2,5,1.43,3,3
NA,4,2,2,1,1,1,1,1,4,6,5,6,6,6,1,6,6,6,6,6,1,5,6,6,5,6,6,3,4,6,6,3,5,5,1,1,1.32,1,2,1,1.34,3,3,1.43,2,1
NA,1,1,1,1,2,2,1,2,5,4,4,6,3,6,5,6,6,6,6,1,5,6,5,6,4,4,4,5,5,5,2,5,5,5,1,1,1.32,1,1,1,1.34,1,2,1.43,2,3
NA,1,4,4,1,3,1,1,3,4,5,1,5,3,5,1,6,5,6,6,6,5,6,6,6,4,6,6,6,4,6,6,6,1,1,2,1,1,1,4,3,1,1,3,1,5,5
NA,1,1,4,1,4,4,1,1,6,3,6,3,6,6,6,6,6,6,6,3,6,6,6,6,6,6,6,6,4,5,4,5,1,4,1,1,1,1,1,1,1,1,4,1,3,3
NA,6,6,6,4,4,6,4,5,4,4,6,6,6,6,6,6,6,6,6,3.7,5,5,6,4,6,6,6,6,5,5,5,6,1,2,1,1,1,1,2,1,1,1,1,1,2,3
NA,3,2,2,1,2,1,1,1,2,5,1,5,3,4,4,4,6,6,6,3,4,6,6,3,4,5,5,4,1,5,4,4,1,1,1,1,1,1,4,1,1,3,5,1,5,5
NA,4,1,6,1,4,1,1,4,2,4,4,5,4,6,3,4,3,5,4,4,4,5,6,1,1,4,4,5,3,5,6,4,3,2,4,3,4,3,3,1,1,1,1,1,1,1
NA,4,3,5,2,5,5,3,4,2,4,2,5,6,6,4,5,3,6,5,3,3,3,4,2,5,5,5,4,5,4,4,4,1,1,1,1,1,1,2,1,1,3,4,1,1,1
NA,1,1,1,1,2,2,1,2,1,4,1,4,4,6,6,6,6,6,6,5,6,6,6,6,5,6,6,6,1,4,3,6,1,1,1,1,1,1,1,1,1,2,4,1,2,1
NA,3,4,3,3,4,4,3,4,6,3,4,4,6,6,4,6,6,6,6,6,6,6,6,4,3,4,5,5,1,4,3,3,1,1,1,1,1,1,2,2,1,1,1,1,2,3
NA,4,2,4,4,4,4,3,3,6,3,3,3,4,4,3,3,3,5,4,4,3,6,6,6,3,4,4,4,1,3,4,3,1,1,2,2,1,1,1,3,1,1,3,1,1,2
NA,4,6,5,2,4,2,2,5,4,3,4,6,1,6,4,6,6,6,5,3,5,6,4,4,3,5,4,5,4,3,2,3,1,1,1,1,1,1,2,2,1,5,5,2,5,5
NA,4,2,4,2,1,2,1,4,3,5,1,6,5,5,6,6,6,6,6,2,6,6,5,6,5,6,5,5,3,6,5,6,1,1,2,1,1,1,3,3,1,1,2,1,3,4
NA,1,1,1,1,1,1,1,1,6,4,6,3,6,6,3,6,5,6,6,6,6,6,6,3,3,6,6,5,4,4,1,2,1,1,1,1,1,1,1,5,1,5,3,1,3,3
NA,3,5,2,2,5,2,1,4,3,5,2,5,5,6,6,6,6,6,6,2,5,6,6,5,4,6,5,6,1,6,2.71,3,1,1,1,1,1,1,2,2,1,5,5,1,1,1
NA,3,4,4,3,4,2,2,3,3,3.47,3.22,4.06,4.59,4.82,4.51,6,5,5,6,3,6,6,6,5,4.92,2.85,2.79,5,3,3,4,4.76,1,1,2,1,2,1,1,1,1,2,2,1,1,1
NA,5,2,3,4,2,3,5,2,4,3,3,2,1,2,4,5,3,5,5,4,2,6,6,5,2,4,3,4,2,3,4,5,1,4,3,1,1,2,1,1,4,1,1,1,5,1
NA,4,4,2,1,4,4,1,4,6,6,4,6,6,6,6,6,6,6,2,3,6,6,6,4,6,6,2.79,6,5,5,5,5,1,1,2,1,1,1,5,1,1,3,1,1,2,3
NA,3,1,1,1,1,1,1,1,1,5,1,6,6,6,3,6,4,6,6,3,6,6,6,6,6,6,6,6,2.43,6,5,5,1,1,1,5,2,2,2,3,2,2,2,1,5,1
NA,2,4,3,4,5,2,4,5,5,5,4,6,4,6,3,6,6,6,6,6,5,5,5,4,2,4,3,4,6,3,3,2,1,1,3,1,1,1,4,4,2,5,3,1,4,4
NA,2,1,3,1,4,2,1,2,4,3.47,4,6,3,6,3,5,5,6,5,3,5,6,6,6,5,5,5,6,6,5,4,5,1,1,2,1,1,1,2,1,2,1,5,2,2,3
NA,2,3,4,5,2,4,4,4,2,4,3,4,5,5,4,5,4,6,2,2,4,6,6,3,3,4,5,6,3,4,4,3,1,1,1,1,1,1,3,3,1,1,1,1,1,2
NA,2,3,3,2,2,2,3,3,3,3,4,3,4,2,3,1,3,3,6,6,5,6,6,6,6,3,4,4,4,6,6,5,2,3,3,3,1,1,2,2,1,1,2.15,5,2,1
NA,1,1,1,1,1,1,1,1,3.32,1,3,6,5,6,6,6,1,6,6,3,6,6,6,5,6,5,3,1,6,4,1,1,1,2,3,3,5,1,4,3,4,2,2.15,2,2,4
NA,5,5,4,1,5,3,2,5,1,1,2,4.06,2,3,2,6,6,6,6,1,5,5,6,6,1,5,5,6,5,6,4,2,1,1,1,1,1,1,1,1,1,5,4,1,1,1
NA,2,5,1,4,3.11,5,1,6,6,5,4,6,6,5,6,6,6,6,5,6,6,6,6,4,5,6,6,5,3,5,4,5,1,1,3,1,1,1,5,1,2,2,2,1,3,3
NA,3,2,3,1,2,3,1,1,1,6,1,2,6,6,6,6,5,6,6,6,4,6,6,6,4,6,5,1,6,6,6,6,1,2,3,1,1,1,2,2,1,1,1,1,1,1
NA,4,4,1,1,3,6,1,2,1,5,1,4,4,5,5,5,5,6,6,5,5,5,5,5,5,6,6,3,1,1,2,4,1,1,1,1,1,1,1,1,1,5,3,1,4,4
NA,4,3,4,3,4,3,2,3,4,4,5,4,4,4,4.51,6,5,5,5,2,6,6,6,5,4,5,5,6,1,5,5,4,3,4,1,4,3,4,4,3,2,2,4,1,5,4
NA,2,5,1,1,5,1,1,4,1,3,1,4,6,2,6,6,1,6,6,3.7,3,6,5,6,6,6,6,4,5,4,2,4,4,3,5,5,3,1,2.03,5,2,4,2,5,2,5
NA,1,1,1,3,1,1,1,1,1,1,1,6,6,6,6,6,6,6,6,6,6,6,6,6,3,6,6,5,6,6,6,6,1,1,1,1,1,1,2,3,1,5,5,1,3,3
NA,1,2,1,1,3,1,1,3,3.32,5,2,3,6,6,5,6,5,6,6,5,5,6,6,6,6,6,5,6,4,6,6,6,1,1,2,1,1,1,1,1,1,1,1,1,2,2
NA,5,6,4,3,5,4,3,4,5,3,5,5,4,6,6,4,4,5,4,3,6,6,6,3,3,4,5,4,5,4,4,3,1,1,2,1,1,1,2,1,1,1,5,1,2,2
NA,4,4,4,2,5,1,1,3,2,3,1,2,6,5,4,6,6,6,6,6,6,6,6,5,4,6,5,1,5,6,5,6,1,1,2,1,2,1,4,1,1,5,3,1,5,5
NA,1,1,1,1,2,6,6,5,3,2,1,1,2,3,3,6,6,6,6,3.7,5,6,6,6,4.92,6,5,6,3,5,6,2,1,1,2,1,1.32,1.3,2.03,1.6,1.34,1.97,2.15,1.43,2.37,2.32
NA,1,1,1,1,1,1,1,1,1,3,1,5,2,4,2,6,6,6,6,2,6,6,6,1,4,5,6,5,4,5,4,3,1,1,1,1,1,1,1,2,2,2,3,1,2,4
NA,2,4,2,3,5,4,3,4,6,2,4,3,3,5,3,5,6,6,5,3,5,5,6,5,4,5,5,4,4,6,5,6,1,1,1,1,2,1,3,1,1,4,5,1,2,4
NA,1,4,1,1,3,1,1,4,3,3,1,5,5,6,2,6,6,6,6,4,6,5,5,4,2,5,5,4,3,4,3,3,1,1,1,1,1,1,1,1,2,3,5,1,3,3
NA,6,4,6,1,5,6,1,5,6,2,5,4,6,6,3,6,5,6,6,6,6,6,4,6,3,4,5,1,6,2,4,6,2,3,2,1,1,1,1,2,2,1,5,1,1,5
